canister	wasm_sha256	gzip_sha256	candid_sha256	result
app	c45384197aa079bc3389325843a6fb30a6d0ef0cbec9f70274da062a52c369f6	649b632300752bd6e428d938524e809afb117a492027c07536e6f30788de3d58	23a46a416a5337268ac729a02ef9d53d350e2adc0fe847d5f80097f01acf48b8	PASS
test	30066dcd8df8e3571aadbb49ab804d4f72d5d56afa0ea90e6e7c631cdc3e1b36	aca7b8e97057135dc59f37d31700f697ec55c7a6be2fb0592f8055d2c54c2e40	d11737484d3563127fb6cb9f76d439a9f3e72556e977f70733e7d338985a4ad6	PASS
user_hub	1c57109c83d4148dc528f3a0e4944b36d20284bfe73e8058e6e9146ff5e14260	5659ea33652dbf533b914df9ee06917f27442555feff93c194803bc2c52f9f95	af64d6a04b17ad85d7bc793d34af55db72ab1126f7c8b82733d5e418991ce357	PASS
scale_hub	e01877badb984f1454af7f7c135fc8a5a1fa9ba19e4632820702e7cce6814a84	99520c05cde779960a9390134842a593a65d3796094a295377cbc580ae4627ad	a4f07b544ad72d4fbe8dae44d64578f016f6b68aa95d89e9795724ea2c9dd5cb	PASS
user_shard	158ef93da064b7829c416987afdd385d26443ee974338977506c918fd4e8915f	37fa3aa8086439f546c9a48ab2a0a6baca241d383ce543b3dd4556002aeffcfe	648f83464f608ef78c4d6323373d9b943a23bfafdd530392aba8a9287ff99725	PASS
scale_replica	dfb7f4f7866a8817cbc425eb80607a66fd9b8c1873b3a69a733a1f5727b2ee7a	d10f07394f6517c32540f2769222c8497342d8eebd24ad2cf849edb67f43f7fa	a908ffd66c6777c6e00f587e85a80ccbe09513f73dfc09433fefec93dec4a344	PASS
root	6b8c202a3a0e06b08598aabfb3fd1c8bb6c8b5e634b5038ffe887329520e0584	2f1b4a641691a6ba2f4237fee233ea3c95aea815ef649ade5f04952d87430a82	20427aca70289c01396d7c5001267b10663ec57ddf037596e5339d1c50f8270b	PASS
fleet_coordinator	7669a09d965fdc689f778b7f9e8bebbd5b6935d1198bc1dcf53870965e342d7e	9d3db44cb171c264b8167610657bc304fe4200415b80dbf19f08894bd609e29f	51fd22fd1e9c038d673fdabc6ea02881e12179199c73974f7d4637477e0d5c66	PASS
wasm_store	9b6ac965b11d087adc594f0df70318ad5e334d0185b31bfbaf6a504cca6f732d	f86101e7d36e9a8265ce5a0b035436e1a8aaec87a798dfdc81b896df426a0687	89e2f95c4ac284c099e95d2102df8995e0f5332c50a85e3f3d2ffed918e16fa6	PASS
