sequence	experiment	state	switch_kind	switch_value	switch_sha256	artifact_selectors	immediate_baseline	instruction_evidence	source_owners
02	b1-02-global-storage-registration	ready	patch	scripts/ci/wasm-ablation-patches/b1-02-global-storage-registration.patch	9b66e1d344c4f73df993e50fba243dbf6f601fe876ead62b155868649cce7c13	canonical	b1-01-current-baseline	build-only until storage bootstrap parity is attached	crates/canic-core/src/memory_macros.rs;crates/canic-core/src/storage/stable
03	b1-03-activation-record-codecs	ready	patch	scripts/ci/wasm-ablation-patches/b1-03-activation-record-codecs.patch	a328aa466efe264d4edd497b105121e3c055235081fc3d63e227abb55199f79b	canonical	b1-01-current-baseline	build-only inclusive attribution; no activation parity or isolated-codec claim	crates/canic-core/src/model/mod.rs;crates/canic-core/src/model/fleet_activation;crates/canic-core/src/storage/stable/mod.rs;crates/canic-core/src/storage/stable/fleet_activation;crates/canic-core/src/ops/storage/mod.rs;crates/canic-core/src/ops/storage/fleet_activation;crates/canic-core/src/state_contract.rs
04	b1-04-authorization-record-codecs	ready	patch	scripts/ci/wasm-ablation-patches/b1-04-authorization-record-codecs.patch	0acbbfc0677aaab1e078e6ba8de203a2da0470d6e4a55e66e209e41c89f13f2b	canonical,runtime_probe	b1-01-current-baseline	build-only stable-codec attribution; no persistence or authorization parity claim	crates/canic-core/src/model/auth;crates/canic-core/src/storage/stable/auth;crates/canic-core/src/ops/storage/auth;crates/canic-core/src/ops/auth;crates/canic-core/src/workflow/runtime/auth
06	b1-06-unconditional-recovery-dispatch	ready	patch	scripts/ci/wasm-ablation-patches/b1-06-unconditional-recovery-dispatch.patch	37bcd14362830bf8cf6fd154309660c5dde951681a0c8cd318c2d1b14f58cf50	canonical,runtime_probe	b1-01-current-baseline	build-only dispatch attribution; no watchdog recovery parity claim	crates/canic-core/src/workflow/runtime/timer;crates/canic-core/src/api/timer.rs;crates/canic-core/src/workflow/runtime/async_job;crates/canic-core/src/workflow/runtime/auth;crates/canic-core/src/workflow/runtime/cycles;crates/canic-core/src/workflow/placement/acknowledgement.rs;crates/canic-control-plane/src/workflow/canister_pool
07	b1-07-exact-role-capability-expansion	source_satisfied	none	-	-	canonical	b1-01-current-baseline	maintainer-accepted source/interface finding; no paired-size or optimized-absence claim	crates/canic/src/macros/build.rs;crates/canic/src/macros/start.rs;crates/canic/src/macros/endpoints
11	b1-11-payload-limited-async-adapters	ready	patch	scripts/ci/wasm-ablation-patches/b1-11-payload-limited-async-adapters.patch	5807cfe5496f8b4ca4cf965475ad19777221311afd6f378ad3f2c51741bd4abd	payload_limit_probe	b1-01-current-baseline	build-only raw-adapter attribution; no canister-call payload-limit parity claim	crates/canic-macros/src/endpoint/expand;crates/canic-core/src/ingress/payload.rs
12	b1-12-metrics-providers	ready	patch	scripts/ci/wasm-ablation-patches/b1-12-metrics-providers.patch	03fa9ecaf96e7edc2506a34859a65dafbe02b3f064322044bfa6919e508a0c9e	canonical	b1-01-current-baseline	build-only metrics-provider attribution; no metrics parity claim	crates/canic/src/macros/endpoints/role.rs;crates/canic-core/src/ops/runtime/metrics
13	b1-13-configuration-provisioning-providers	ready	patch	scripts/ci/wasm-ablation-patches/b1-13-configuration-provisioning-providers.patch	38f6049d3c4563e21e69366e75f61f42b0e74684b594f4de76a25ba60b2d98e4	canonical	b1-01-current-baseline	build-only configuration-export and provisioning-dispatch attribution; no configuration or provisioning parity claim	crates/canic/src/macros/endpoints/root.rs
14	b1-14-command-providers	ready	patch	scripts/ci/wasm-ablation-patches/b1-14-command-providers.patch	c6637af98af9e37a52f7cbfa3d3d84921b88e9da03aeb27d35b7e017e083af61	canonical	b1-01-current-baseline	build-only command-dispatch attribution; no command or recovery parity claim	crates/canic/src/macros/endpoints/role.rs;crates/canic/src/macros/endpoints/root.rs;crates/canic/src/macros/endpoints/fleet_coordinator.rs;crates/canic/src/macros/endpoints/wasm_store.rs
15	b1-15-timer-watchdog-providers	ready	patch	scripts/ci/wasm-ablation-patches/b1-15-timer-watchdog-providers.patch	281510984c274898798e02f450f96744c4347a14e561aaf027f0e5aa67a9077e	canonical,runtime_probe	b1-01-current-baseline	build-only native business-callback attribution; no timer, lifecycle or recovery parity claim	crates/canic-control-plane/src/workflow/canister_pool/mod.rs;crates/canic-core/src/workflow/placement/acknowledgement.rs;crates/canic-core/src/workflow/runtime/auth/renewal.rs;crates/canic-core/src/workflow/runtime/cycles/mod.rs;crates/canic-core/src/workflow/runtime/intent.rs;crates/canic-core/src/workflow/runtime/log.rs;crates/canic-core/src/workflow/runtime/timer/mod.rs
16	b1-16-status-projection	ready	patch	scripts/ci/wasm-ablation-patches/b1-16-status-projection.patch	83fe0a97a242945e8136ca5990b6d083ff5028b78d0454738e14cfc0842e7d9a	canonical	b1-01-current-baseline	build-only status-dispatch attribution; no status parity claim	crates/canic/src/macros/endpoints/role.rs;crates/canic/src/macros/endpoints/root.rs;crates/canic/src/macros/endpoints/fleet_coordinator.rs;crates/canic/src/macros/endpoints/wasm_store.rs
17	b1-17-page-generic-cohort	ready	env_matrix	scripts/ci/wasm-ablation-patches/b1-17-page-generic-cohort-fixture.patch	d327b086e98166d92e3a44497d05e7af959ab8b5be50b943d9b1ce90d740b8b0	leaf_probe	b1-01-current-baseline	absent until a representative fixture journey exists	Cargo.lock;canisters/audit/leaf_probe;crates/canic-core/src/dto/page.rs;crates/canic/src/macros/endpoints/role.rs
18	b1-18-pool-ledger-hard-cut	ready	historical_pair	scripts/ci/wasm-ablation-patches/b1-18-pool-ledger-family-removal.patch	516140429e9e37f31d11ff81cc7291422f76c4c3f4f2211c0dfea6fbd17141f2	canonical,historical_pool_ledger_recovery	v0.110.2	build-only historical family attribution; common current roster; no runtime parity claim	crates/canic;crates/canic-control-plane;crates/canic-core;crates/canic-host
