index,bucket_start,bucket_start_offset_ns,bucket_duration_ns,source_x_px,source_y_px,height_px,height_ppm,target_visible_cycles_per_second,target_visible_Bcycles_per_second
0,00:00:00.000,0,100465116279,0,71.5,23.5,427273,107121216666,107.121216666
1,00:01:40.465,100465116279,100465116279,1,72.5,22.5,409091,106818183333,106.818183333
2,00:03:20.930,200930232558,100465116279,2,73.5,21.5,390909,106515150000,106.515150000
3,00:05:01.395,301395348837,100465116279,3,74.5,20.5,372727,106212116666,106.212116666
4,00:06:41.860,401860465116,100465116279,4,75.5,19.5,354545,105909083333,105.909083333
5,00:08:22.325,502325581395,100465116279,5,77,18,327273,105454550000,105.454550000
6,00:10:02.790,602790697674,100465116279,6,78.5,16.5,300000,105000000000,105.000000000
7,00:11:43.255,703255813953,100465116279,7,78,17,309091,105151516666,105.151516666
8,00:13:23.720,803720930232,100465116279,8,79,16,290909,104848483333,104.848483333
9,00:15:04.186,904186046511,100465116279,9,79,16,290909,104848483333,104.848483333
10,00:16:44.651,1004651162790,100465116279,10,79,16,290909,104848483333,104.848483333
11,00:18:25.116,1105116279069,100465116279,11,79,16,290909,104848483333,104.848483333
12,00:20:05.581,1205581395348,100465116279,12,79,16,290909,104848483333,104.848483333
13,00:21:46.046,1306046511627,100465116279,13,79,16,290909,104848483333,104.848483333
14,00:23:26.511,1406511627906,100465116280,14,79,16,290909,104848483333,104.848483333
15,00:25:06.976,1506976744186,100465116279,15,8E+1,15,272727,104545450000,104.545450000
16,00:26:47.441,1607441860465,100465116279,16,80.5,14.5,263636,104393933333,104.393933333
17,00:28:27.906,1707906976744,100465116279,17,8E+1,15,272727,104545450000,104.545450000
18,00:30:08.372,1808372093023,100465116279,18,8E+1,15,272727,104545450000,104.545450000
19,00:31:48.837,1908837209302,100465116279,19,79.5,15.5,281818,104696966666,104.696966666
20,00:33:29.302,2009302325581,100465116279,20,80.5,14.5,263636,104393933333,104.393933333
21,00:35:09.767,2109767441860,100465116279,21,80.5,14.5,263636,104393933333,104.393933333
22,00:36:50.232,2210232558139,100465116279,22,82,13,236364,103939400000,103.939400000
23,00:38:30.697,2310697674418,100465116279,23,81.5,13.5,245455,104090916666,104.090916666
24,00:40:11.162,2411162790697,100465116279,24,80.5,14.5,263636,104393933333,104.393933333
25,00:41:51.627,2511627906976,100465116279,25,82.5,12.5,227273,103787883333,103.787883333
26,00:43:32.093,2612093023255,100465116279,26,83,12,218182,103636366666,103.636366666
27,00:45:12.558,2712558139534,100465116279,27,85,1E+1,181818,103030300000,103.030300000
28,00:46:53.023,2813023255813,100465116280,28,85,1E+1,181818,103030300000,103.030300000
29,00:48:33.488,2913488372093,100465116279,29,83.5,11.5,209091,103484850000,103.484850000
30,00:50:13.953,3013953488372,100465116279,30,82.5,12.5,227273,103787883333,103.787883333
31,00:51:54.418,3114418604651,100465116279,31,82,13,236364,103939400000,103.939400000
32,00:53:34.883,3214883720930,100465116279,32,81.5,13.5,245455,104090916666,104.090916666
33,00:55:15.348,3315348837209,100465116279,33,82.5,12.5,227273,103787883333,103.787883333
34,00:56:55.813,3415813953488,100465116279,34,82,13,236364,103939400000,103.939400000
35,00:58:36.279,3516279069767,100465116279,35,81.5,13.5,245455,104090916666,104.090916666
36,01:00:16.744,3616744186046,100465116279,36,80.5,14.5,263636,104393933333,104.393933333
37,01:01:57.209,3717209302325,100465116279,37,78.5,16.5,300000,105000000000,105.000000000
38,01:03:37.674,3817674418604,100465116279,38,79,16,290909,104848483333,104.848483333
39,01:05:18.139,3918139534883,100465116279,39,79,16,290909,104848483333,104.848483333
40,01:06:58.604,4018604651162,100465116279,40,78,17,309091,105151516666,105.151516666
41,01:08:39.069,4119069767441,100465116279,41,77.5,17.5,318182,105303033333,105.303033333
42,01:10:19.534,4219534883720,100465116280,42,76.5,18.5,336364,105606066666,105.606066666
43,01:12:00.000,4320000000000,100465116279,43,76.5,18.5,336364,105606066666,105.606066666
44,01:13:40.465,4420465116279,100465116279,44,76.5,18.5,336364,105606066666,105.606066666
45,01:15:20.930,4520930232558,100465116279,45,76,19,345455,105757583333,105.757583333
46,01:17:01.395,4621395348837,100465116279,46,74.5,20.5,372727,106212116666,106.212116666
47,01:18:41.860,4721860465116,100465116279,47,74.5,20.5,372727,106212116666,106.212116666
48,01:20:22.325,4822325581395,100465116279,48,76,19,345455,105757583333,105.757583333
49,01:22:02.790,4922790697674,100465116279,49,75.5,19.5,354545,105909083333,105.909083333
50,01:23:43.255,5023255813953,100465116279,50,74.5,20.5,372727,106212116666,106.212116666
51,01:25:23.720,5123720930232,100465116279,51,73.5,21.5,390909,106515150000,106.515150000
52,01:27:04.186,5224186046511,100465116279,52,73.5,21.5,390909,106515150000,106.515150000
53,01:28:44.651,5324651162790,100465116279,53,73,22,400000,106666666666,106.666666666
54,01:30:25.116,5425116279069,100465116279,54,71.5,23.5,427273,107121216666,107.121216666
55,01:32:05.581,5525581395348,100465116279,55,73,22,400000,106666666666,106.666666666
56,01:33:46.046,5626046511627,100465116279,56,71.5,23.5,427273,107121216666,107.121216666
57,01:35:26.511,5726511627906,100465116280,57,72,23,418182,106969700000,106.969700000
58,01:37:06.976,5826976744186,100465116279,58,7E+1,25,454545,107575750000,107.575750000
59,01:38:47.441,5927441860465,100465116279,59,70.5,24.5,445455,107424250000,107.424250000
60,01:40:27.906,6027906976744,100465116279,60,7E+1,25,454545,107575750000,107.575750000
61,01:42:08.372,6128372093023,100465116279,61,69,26,472727,107878783333,107.878783333
62,01:43:48.837,6228837209302,100465116279,62,67.5,27.5,500000,108333333333,108.333333333
63,01:45:29.302,6329302325581,100465116279,63,66.5,28.5,518182,108636366666,108.636366666
64,01:47:09.767,6429767441860,100465116279,64,66.5,28.5,518182,108636366666,108.636366666
65,01:48:50.232,6530232558139,100465116279,65,66.5,28.5,518182,108636366666,108.636366666
66,01:50:30.697,6630697674418,100465116279,66,66,29,527273,108787883333,108.787883333
67,01:52:11.162,6731162790697,100465116279,67,66,29,527273,108787883333,108.787883333
68,01:53:51.627,6831627906976,100465116279,68,65.5,29.5,536364,108939400000,108.939400000
69,01:55:32.093,6932093023255,100465116279,69,66,29,527273,108787883333,108.787883333
70,01:57:12.558,7032558139534,100465116279,70,66.5,28.5,518182,108636366666,108.636366666
71,01:58:53.023,7133023255813,100465116280,71,66.5,28.5,518182,108636366666,108.636366666
72,02:00:33.488,7233488372093,100465116279,72,64.5,30.5,554545,109242416666,109.242416666
73,02:02:13.953,7333953488372,100465116279,73,64,31,563636,109393933333,109.393933333
74,02:03:54.418,7434418604651,100465116279,74,64.5,30.5,554545,109242416666,109.242416666
75,02:05:34.883,7534883720930,100465116279,75,65,3E+1,545455,109090916666,109.090916666
76,02:07:15.348,7635348837209,100465116279,76,63,32,581818,109696966666,109.696966666
77,02:08:55.813,7735813953488,100465116279,77,65,3E+1,545455,109090916666,109.090916666
78,02:10:36.279,7836279069767,100465116279,78,64.5,30.5,554545,109242416666,109.242416666
79,02:12:16.744,7936744186046,100465116279,79,64,31,563636,109393933333,109.393933333
80,02:13:57.209,8037209302325,100465116279,80,65,3E+1,545455,109090916666,109.090916666
81,02:15:37.674,8137674418604,100465116279,81,66,29,527273,108787883333,108.787883333
82,02:17:18.139,8238139534883,100465116279,82,66.5,28.5,518182,108636366666,108.636366666
83,02:18:58.604,8338604651162,100465116279,83,68.5,26.5,481818,108030300000,108.030300000
84,02:20:39.069,8439069767441,100465116279,84,68,27,490909,108181816666,108.181816666
85,02:22:19.534,8539534883720,100465116280,85,69.5,25.5,463636,107727266666,107.727266666
86,02:24:00.000,8640000000000,100465116279,86,69.5,25.5,463636,107727266666,107.727266666
87,02:25:40.465,8740465116279,100465116279,87,71,24,436364,107272733333,107.272733333
88,02:27:20.930,8840930232558,100465116279,88,70.5,24.5,445455,107424250000,107.424250000
89,02:29:01.395,8941395348837,100465116279,89,69,26,472727,107878783333,107.878783333
90,02:30:41.860,9041860465116,100465116279,90,70.5,24.5,445455,107424250000,107.424250000
91,02:32:22.325,9142325581395,100465116279,91,71.5,23.5,427273,107121216666,107.121216666
92,02:34:02.790,9242790697674,100465116279,92,71,24,436364,107272733333,107.272733333
93,02:35:43.255,9343255813953,100465116279,93,72,23,418182,106969700000,106.969700000
94,02:37:23.720,9443720930232,100465116279,94,72.5,22.5,409091,106818183333,106.818183333
95,02:39:04.186,9544186046511,100465116279,95,73,22,400000,106666666666,106.666666666
96,02:40:44.651,9644651162790,100465116279,96,73,22,400000,106666666666,106.666666666
97,02:42:25.116,9745116279069,100465116279,97,72.25,22.75,413636,106893933333,106.893933333
98,02:44:05.581,9845581395348,100465116279,98,71.5,23.5,427273,107121216666,107.121216666
99,02:45:46.046,9946046511627,100465116279,99,72.5,22.5,409091,106818183333,106.818183333
100,02:47:26.511,10046511627906,100465116280,100,73,22,400000,106666666666,106.666666666
101,02:49:06.976,10146976744186,100465116279,101,73,22,400000,106666666666,106.666666666
102,02:50:47.441,10247441860465,100465116279,102,72,23,418182,106969700000,106.969700000
103,02:52:27.906,10347906976744,100465116279,103,72.5,22.5,409091,106818183333,106.818183333
104,02:54:08.372,10448372093023,100465116279,104,71,24,436364,107272733333,107.272733333
105,02:55:48.837,10548837209302,100465116279,105,71,24,436364,107272733333,107.272733333
106,02:57:29.302,10649302325581,100465116279,106,7E+1,25,454545,107575750000,107.575750000
107,02:59:09.767,10749767441860,100465116279,107,68.5,26.5,481818,108030300000,108.030300000
108,03:00:50.232,10850232558139,100465116279,108,68.5,26.5,481818,108030300000,108.030300000
109,03:02:30.697,10950697674418,100465116279,109,68.5,26.5,481818,108030300000,108.030300000
110,03:04:11.162,11051162790697,100465116279,110,68.5,26.5,481818,108030300000,108.030300000
111,03:05:51.627,11151627906976,100465116279,111,68.5,26.5,481818,108030300000,108.030300000
112,03:07:32.093,11252093023255,100465116279,112,68.5,26.5,481818,108030300000,108.030300000
113,03:09:12.558,11352558139534,100465116279,113,68.5,26.5,481818,108030300000,108.030300000
114,03:10:53.023,11453023255813,100465116280,114,7E+1,25,454545,107575750000,107.575750000
115,03:12:33.488,11553488372093,100465116279,115,68.5,26.5,481818,108030300000,108.030300000
116,03:14:13.953,11653953488372,100465116279,116,69.5,25.5,463636,107727266666,107.727266666
117,03:15:54.418,11754418604651,100465116279,117,7E+1,25,454545,107575750000,107.575750000
118,03:17:34.883,11854883720930,100465116279,118,70.5,24.5,445455,107424250000,107.424250000
119,03:19:15.348,11955348837209,100465116279,119,7E+1,25,454545,107575750000,107.575750000
120,03:20:55.813,12055813953488,100465116279,120,71.5,23.5,427273,107121216666,107.121216666
121,03:22:36.279,12156279069767,100465116279,121,71,24,436364,107272733333,107.272733333
122,03:24:16.744,12256744186046,100465116279,122,72.5,22.5,409091,106818183333,106.818183333
123,03:25:57.209,12357209302325,100465116279,123,72,23,418182,106969700000,106.969700000
124,03:27:37.674,12457674418604,100465116279,124,73,22,400000,106666666666,106.666666666
125,03:29:18.139,12558139534883,100465116279,125,74.5,20.5,372727,106212116666,106.212116666
126,03:30:58.604,12658604651162,100465116279,126,74,21,381818,106363633333,106.363633333
127,03:32:39.069,12759069767441,100465116279,127,77,18,327273,105454550000,105.454550000
128,03:34:19.534,12859534883720,100465116280,128,75,2E+1,363636,106060600000,106.060600000
129,03:36:00.000,12960000000000,100465116279,129,77,18,327273,105454550000,105.454550000
130,03:37:40.465,13060465116279,100465116279,130,76,19,345455,105757583333,105.757583333
131,03:39:20.930,13160930232558,100465116279,131,78,17,309091,105151516666,105.151516666
132,03:41:01.395,13261395348837,100465116279,132,78.5,16.5,300000,105000000000,105.000000000
133,03:42:41.860,13361860465116,100465116279,133,78,17,309091,105151516666,105.151516666
134,03:44:22.325,13462325581395,100465116279,134,79.5,15.5,281818,104696966666,104.696966666
135,03:46:02.790,13562790697674,100465116279,135,8E+1,15,272727,104545450000,104.545450000
136,03:47:43.255,13663255813953,100465116279,136,81,14,254545,104242416666,104.242416666
137,03:49:23.720,13763720930232,100465116279,137,79.5,15.5,281818,104696966666,104.696966666
138,03:51:04.186,13864186046511,100465116279,138,79.5,15.5,281818,104696966666,104.696966666
139,03:52:44.651,13964651162790,100465116279,139,79.5,15.5,281818,104696966666,104.696966666
140,03:54:25.116,14065116279069,100465116279,140,80.5,14.5,263636,104393933333,104.393933333
141,03:56:05.581,14165581395348,100465116279,141,8E+1,15,272727,104545450000,104.545450000
142,03:57:46.046,14266046511627,100465116279,142,78.5,16.5,300000,105000000000,105.000000000
143,03:59:26.511,14366511627906,100465116280,143,78.5,16.5,300000,105000000000,105.000000000
144,04:01:06.976,14466976744186,100465116279,144,8E+1,15,272727,104545450000,104.545450000
145,04:02:47.441,14567441860465,100465116279,145,78.5,16.5,300000,105000000000,105.000000000
146,04:04:27.906,14667906976744,100465116279,146,78.5,16.5,300000,105000000000,105.000000000
147,04:06:08.372,14768372093023,100465116279,147,78.5,16.5,300000,105000000000,105.000000000
148,04:07:48.837,14868837209302,100465116279,148,8E+1,15,272727,104545450000,104.545450000
149,04:09:29.302,14969302325581,100465116279,149,79,16,290909,104848483333,104.848483333
150,04:11:09.767,15069767441860,100465116279,150,79.5,15.5,281818,104696966666,104.696966666
151,04:12:50.232,15170232558139,100465116279,151,79.5,15.5,281818,104696966666,104.696966666
152,04:14:30.697,15270697674418,100465116279,152,81,14,254545,104242416666,104.242416666
153,04:16:11.162,15371162790697,100465116279,153,80.5,14.5,263636,104393933333,104.393933333
154,04:17:51.627,15471627906976,100465116279,154,80.5,14.5,263636,104393933333,104.393933333
155,04:19:32.093,15572093023255,100465116279,155,82,13,236364,103939400000,103.939400000
156,04:21:12.558,15672558139534,100465116279,156,8E+1,15,272727,104545450000,104.545450000
157,04:22:53.023,15773023255813,100465116280,157,81.5,13.5,245455,104090916666,104.090916666
158,04:24:33.488,15873488372093,100465116279,158,81.5,13.5,245455,104090916666,104.090916666
159,04:26:13.953,15973953488372,100465116279,159,81.5,13.5,245455,104090916666,104.090916666
160,04:27:54.418,16074418604651,100465116279,160,8E+1,15,272727,104545450000,104.545450000
161,04:29:34.883,16174883720930,100465116279,161,81,14,254545,104242416666,104.242416666
162,04:31:15.348,16275348837209,100465116279,162,82,13,236364,103939400000,103.939400000
163,04:32:55.813,16375813953488,100465116279,163,81.5,13.5,245455,104090916666,104.090916666
164,04:34:36.279,16476279069767,100465116279,164,81,14,254545,104242416666,104.242416666
165,04:36:16.744,16576744186046,100465116279,165,80.5,14.5,263636,104393933333,104.393933333
166,04:37:57.209,16677209302325,100465116279,166,8E+1,15,272727,104545450000,104.545450000
167,04:39:37.674,16777674418604,100465116279,167,79.5,15.5,281818,104696966666,104.696966666
168,04:41:18.139,16878139534883,100465116279,168,8E+1,15,272727,104545450000,104.545450000
169,04:42:58.604,16978604651162,100465116279,169,78.5,16.5,300000,105000000000,105.000000000
170,04:44:39.069,17079069767441,100465116279,170,8E+1,15,272727,104545450000,104.545450000
171,04:46:19.534,17179534883720,100465116280,171,8E+1,15,272727,104545450000,104.545450000
172,04:48:00.000,17280000000000,100465116279,172,79.5,15.5,281818,104696966666,104.696966666
173,04:49:40.465,17380465116279,100465116279,173,79.5,15.5,281818,104696966666,104.696966666
174,04:51:20.930,17480930232558,100465116279,174,79.5,15.5,281818,104696966666,104.696966666
175,04:53:01.395,17581395348837,100465116279,175,81,14,254545,104242416666,104.242416666
176,04:54:41.860,17681860465116,100465116279,176,80.5,14.5,263636,104393933333,104.393933333
177,04:56:22.325,17782325581395,100465116279,177,80.5,14.5,263636,104393933333,104.393933333
178,04:58:02.790,17882790697674,100465116279,178,82.5,12.5,227273,103787883333,103.787883333
179,04:59:43.255,17983255813953,100465116279,179,81.5,13.5,245455,104090916666,104.090916666
180,05:01:23.720,18083720930232,100465116279,180,81.5,13.5,245455,104090916666,104.090916666
181,05:03:04.186,18184186046511,100465116279,181,81.5,13.5,245455,104090916666,104.090916666
182,05:04:44.651,18284651162790,100465116279,182,81,14,254545,104242416666,104.242416666
183,05:06:25.116,18385116279069,100465116279,183,82.5,12.5,227273,103787883333,103.787883333
184,05:08:05.581,18485581395348,100465116279,184,81,14,254545,104242416666,104.242416666
185,05:09:46.046,18586046511627,100465116279,185,82.5,12.5,227273,103787883333,103.787883333
186,05:11:26.511,18686511627906,100465116280,186,82.5,12.5,227273,103787883333,103.787883333
187,05:13:06.976,18786976744186,100465116279,187,82,13,236364,103939400000,103.939400000
188,05:14:47.441,18887441860465,100465116279,188,83,12,218182,103636366666,103.636366666
189,05:16:27.906,18987906976744,100465116279,189,8E+1,15,272727,104545450000,104.545450000
190,05:18:08.372,19088372093023,100465116279,190,81,14,254545,104242416666,104.242416666
191,05:19:48.837,19188837209302,100465116279,191,79.5,15.5,281818,104696966666,104.696966666
192,05:21:29.302,19289302325581,100465116279,192,79,16,290909,104848483333,104.848483333
193,05:23:09.767,19389767441860,100465116279,193,77.5,17.5,318182,105303033333,105.303033333
194,05:24:50.232,19490232558139,100465116279,194,76.5,18.5,336364,105606066666,105.606066666
195,05:26:30.697,19590697674418,100465116279,195,75,2E+1,363636,106060600000,106.060600000
196,05:28:11.162,19691162790697,100465116279,196,74,21,381818,106363633333,106.363633333
197,05:29:51.627,19791627906976,100465116279,197,73,22,400000,106666666666,106.666666666
198,05:31:32.093,19892093023255,100465116279,198,72,23,418182,106969700000,106.969700000
199,05:33:12.558,19992558139534,100465116279,199,70.5,24.5,445455,107424250000,107.424250000
200,05:34:53.023,20093023255813,100465116280,200,7E+1,25,454545,107575750000,107.575750000
201,05:36:33.488,20193488372093,100465116279,201,7E+1,25,454545,107575750000,107.575750000
202,05:38:13.953,20293953488372,100465116279,202,7E+1,25,454545,107575750000,107.575750000
203,05:39:54.418,20394418604651,100465116279,203,69.5,25.5,463636,107727266666,107.727266666
204,05:41:34.883,20494883720930,100465116279,204,69,26,472727,107878783333,107.878783333
205,05:43:15.348,20595348837209,100465116279,205,69,26,472727,107878783333,107.878783333
206,05:44:55.813,20695813953488,100465116279,206,70.5,24.5,445455,107424250000,107.424250000
207,05:46:36.279,20796279069767,100465116279,207,71,24,436364,107272733333,107.272733333
208,05:48:16.744,20896744186046,100465116279,208,72,23,418182,106969700000,106.969700000
209,05:49:57.209,20997209302325,100465116279,209,71,24,436364,107272733333,107.272733333
210,05:51:37.674,21097674418604,100465116279,210,72.5,22.5,409091,106818183333,106.818183333
211,05:53:18.139,21198139534883,100465116279,211,73,22,400000,106666666666,106.666666666
212,05:54:58.604,21298604651162,100465116279,212,73.5,21.5,390909,106515150000,106.515150000
213,05:56:39.069,21399069767441,100465116279,213,73,22,400000,106666666666,106.666666666
214,05:58:19.534,21499534883720,100465116280,214,74.5,20.5,372727,106212116666,106.212116666
215,06:00:00.000,21600000000000,100465116279,215,76.5,18.5,336364,105606066666,105.606066666
216,06:01:40.465,21700465116279,100465116279,216,74,21,381818,106363633333,106.363633333
217,06:03:20.930,21800930232558,100465116279,217,75,2E+1,363636,106060600000,106.060600000
218,06:05:01.395,21901395348837,100465116279,218,76.5,18.5,336364,105606066666,105.606066666
219,06:06:41.860,22001860465116,100465116279,219,76.5,18.5,336364,105606066666,105.606066666
220,06:08:22.325,22102325581395,100465116279,220,77.5,17.5,318182,105303033333,105.303033333
221,06:10:02.790,22202790697674,100465116279,221,77,18,327273,105454550000,105.454550000
222,06:11:43.255,22303255813953,100465116279,222,77,18,327273,105454550000,105.454550000
223,06:13:23.720,22403720930232,100465116279,223,78.5,16.5,300000,105000000000,105.000000000
224,06:15:04.186,22504186046511,100465116279,224,78.5,16.5,300000,105000000000,105.000000000
225,06:16:44.651,22604651162790,100465116279,225,78.5,16.5,300000,105000000000,105.000000000
226,06:18:25.116,22705116279069,100465116279,226,8E+1,15,272727,104545450000,104.545450000
227,06:20:05.581,22805581395348,100465116279,227,79.5,15.5,281818,104696966666,104.696966666
228,06:21:46.046,22906046511627,100465116279,228,79.5,15.5,281818,104696966666,104.696966666
229,06:23:26.511,23006511627906,100465116280,229,8E+1,15,272727,104545450000,104.545450000
230,06:25:06.976,23106976744186,100465116279,230,79,16,290909,104848483333,104.848483333
231,06:26:47.441,23207441860465,100465116279,231,80.5,14.5,263636,104393933333,104.393933333
232,06:28:27.906,23307906976744,100465116279,232,80.5,14.5,263636,104393933333,104.393933333
233,06:30:08.372,23408372093023,100465116279,233,80.5,14.5,263636,104393933333,104.393933333
234,06:31:48.837,23508837209302,100465116279,234,82,13,236364,103939400000,103.939400000
235,06:33:29.302,23609302325581,100465116279,235,80.5,14.5,263636,104393933333,104.393933333
236,06:35:09.767,23709767441860,100465116279,236,82,13,236364,103939400000,103.939400000
237,06:36:50.232,23810232558139,100465116279,237,81,14,254545,104242416666,104.242416666
238,06:38:30.697,23910697674418,100465116279,238,8E+1,15,272727,104545450000,104.545450000
239,06:40:11.162,24011162790697,100465116279,239,79.5,15.5,281818,104696966666,104.696966666
240,06:41:51.627,24111627906976,100465116279,240,77.5,17.5,318182,105303033333,105.303033333
241,06:43:32.093,24212093023255,100465116279,241,77,18,327273,105454550000,105.454550000
242,06:45:12.558,24312558139534,100465116279,242,75.5,19.5,354545,105909083333,105.909083333
243,06:46:53.023,24413023255813,100465116280,243,74.5,20.5,372727,106212116666,106.212116666
244,06:48:33.488,24513488372093,100465116279,244,73,22,400000,106666666666,106.666666666
245,06:50:13.953,24613953488372,100465116279,245,73,22,400000,106666666666,106.666666666
246,06:51:54.418,24714418604651,100465116279,246,72,23,418182,106969700000,106.969700000
247,06:53:34.883,24814883720930,100465116279,247,71,24,436364,107272733333,107.272733333
248,06:55:15.348,24915348837209,100465116279,248,70.5,24.5,445455,107424250000,107.424250000
249,06:56:55.813,25015813953488,100465116279,249,7E+1,25,454545,107575750000,107.575750000
250,06:58:36.279,25116279069767,100465116279,250,69,26,472727,107878783333,107.878783333
251,07:00:16.744,25216744186046,100465116279,251,68,27,490909,108181816666,108.181816666
252,07:01:57.209,25317209302325,100465116279,252,66.5,28.5,518182,108636366666,108.636366666
253,07:03:37.674,25417674418604,100465116279,253,67,28,509091,108484850000,108.484850000
254,07:05:18.139,25518139534883,100465116279,254,65.75,29.25,531818,108863633333,108.863633333
255,07:06:58.604,25618604651162,100465116279,255,64.5,30.5,554545,109242416666,109.242416666
256,07:08:39.069,25719069767441,100465116279,256,65,3E+1,545455,109090916666,109.090916666
257,07:10:19.534,25819534883720,100465116280,257,64.5,30.5,554545,109242416666,109.242416666
258,07:12:00.000,25920000000000,100465116279,258,62.5,32.5,590909,109848483333,109.848483333
259,07:13:40.465,26020465116279,100465116279,259,61.5,33.5,609091,110151516666,110.151516666
260,07:15:20.930,26120930232558,100465116279,260,62,33,600000,110000000000,110.000000000
261,07:17:01.395,26221395348837,100465116279,261,60.5,34.5,627273,110454550000,110.454550000
262,07:18:41.860,26321860465116,100465116279,262,61,34,618182,110303033333,110.303033333
263,07:20:22.325,26422325581395,100465116279,263,59,36,654545,110909083333,110.909083333
264,07:22:02.790,26522790697674,100465116279,264,59,36,654545,110909083333,110.909083333
265,07:23:43.255,26623255813953,100465116279,265,57.5,37.5,681818,111363633333,111.363633333
266,07:25:23.720,26723720930232,100465116279,266,57,38,690909,111515150000,111.515150000
267,07:27:04.186,26824186046511,100465116279,267,56.5,38.5,700000,111666666666,111.666666666
268,07:28:44.651,26924651162790,100465116279,268,55.75,39.25,713636,111893933333,111.893933333
269,07:30:25.116,27025116279069,100465116279,269,55,4E+1,727273,112121216666,112.121216666
270,07:32:05.581,27125581395348,100465116279,270,56,39,709091,111818183333,111.818183333
271,07:33:46.046,27226046511627,100465116279,271,54,41,745455,112424250000,112.424250000
272,07:35:26.511,27326511627906,100465116280,272,53.5,41.5,754545,112575750000,112.575750000
273,07:37:06.976,27426976744186,100465116279,273,53.5,41.5,754545,112575750000,112.575750000
274,07:38:47.441,27527441860465,100465116279,274,53,42,763636,112727266666,112.727266666
275,07:40:27.906,27627906976744,100465116279,275,54,41,745455,112424250000,112.424250000
276,07:42:08.372,27728372093023,100465116279,276,55,4E+1,727273,112121216666,112.121216666
277,07:43:48.837,27828837209302,100465116279,277,55.5,39.5,718182,111969700000,111.969700000
278,07:45:29.302,27929302325581,100465116279,278,57,38,690909,111515150000,111.515150000
279,07:47:09.767,28029767441860,100465116279,279,56,39,709091,111818183333,111.818183333
280,07:48:50.232,28130232558139,100465116279,280,56,39,709091,111818183333,111.818183333
281,07:50:30.697,28230697674418,100465116279,281,58,37,672727,111212116666,111.212116666
282,07:52:11.162,28331162790697,100465116279,282,6E+1,35,636364,110606066666,110.606066666
283,07:53:51.627,28431627906976,100465116279,283,59.5,35.5,645455,110757583333,110.757583333
284,07:55:32.093,28532093023255,100465116279,284,59,36,654545,110909083333,110.909083333
285,07:57:12.558,28632558139534,100465116279,285,59,36,654545,110909083333,110.909083333
286,07:58:53.023,28733023255813,100465116280,286,59,36,654545,110909083333,110.909083333
287,08:00:33.488,28833488372093,100465116279,287,59.5,35.5,645455,110757583333,110.757583333
288,08:02:13.953,28933953488372,100465116279,288,58.5,36.5,663636,111060600000,111.060600000
289,08:03:54.418,29034418604651,100465116279,289,58,37,672727,111212116666,111.212116666
290,08:05:34.883,29134883720930,100465116279,290,57.5,37.5,681818,111363633333,111.363633333
291,08:07:15.348,29235348837209,100465116279,291,58,37,672727,111212116666,111.212116666
292,08:08:55.813,29335813953488,100465116279,292,56.5,38.5,700000,111666666666,111.666666666
293,08:10:36.279,29436279069767,100465116279,293,57,38,690909,111515150000,111.515150000
294,08:12:16.744,29536744186046,100465116279,294,55,4E+1,727273,112121216666,112.121216666
295,08:13:57.209,29637209302325,100465116279,295,54.5,40.5,736364,112272733333,112.272733333
296,08:15:37.674,29737674418604,100465116279,296,55,4E+1,727273,112121216666,112.121216666
297,08:17:18.139,29838139534883,100465116279,297,54,41,745455,112424250000,112.424250000
298,08:18:58.604,29938604651162,100465116279,298,54,41,745455,112424250000,112.424250000
299,08:20:39.069,30039069767441,100465116279,299,52,43,781818,113030300000,113.030300000
300,08:22:19.534,30139534883720,100465116280,300,54,41,745455,112424250000,112.424250000
301,08:24:00.000,30240000000000,100465116279,301,54.5,40.5,736364,112272733333,112.272733333
302,08:25:40.465,30340465116279,100465116279,302,56,39,709091,111818183333,111.818183333
303,08:27:20.930,30440930232558,100465116279,303,56,39,709091,111818183333,111.818183333
304,08:29:01.395,30541395348837,100465116279,304,54.5,40.5,736364,112272733333,112.272733333
305,08:30:41.860,30641860465116,100465116279,305,54.5,40.5,736364,112272733333,112.272733333
306,08:32:22.325,30742325581395,100465116279,306,55,4E+1,727273,112121216666,112.121216666
307,08:34:02.790,30842790697674,100465116279,307,55.5,39.5,718182,111969700000,111.969700000
308,08:35:43.255,30943255813953,100465116279,308,54.5,40.5,736364,112272733333,112.272733333
309,08:37:23.720,31043720930232,100465116279,309,53,42,763636,112727266666,112.727266666
310,08:39:04.186,31144186046511,100465116279,310,53.5,41.5,754545,112575750000,112.575750000
311,08:40:44.651,31244651162790,100465116279,311,54.5,40.5,736364,112272733333,112.272733333
312,08:42:25.116,31345116279069,100465116279,312,53,42,763636,112727266666,112.727266666
313,08:44:05.581,31445581395348,100465116279,313,51.5,43.5,790909,113181816666,113.181816666
314,08:45:46.046,31546046511627,100465116279,314,52,43,781818,113030300000,113.030300000
315,08:47:26.511,31646511627906,100465116280,315,50.5,44.5,809091,113484850000,113.484850000
316,08:49:06.976,31746976744186,100465116279,316,49.5,45.5,827273,113787883333,113.787883333
317,08:50:47.441,31847441860465,100465116279,317,48.5,46.5,845455,114090916666,114.090916666
318,08:52:27.906,31947906976744,100465116279,318,46,49,890909,114848483333,114.848483333
319,08:54:08.372,32048372093023,100465116279,319,46,49,890909,114848483333,114.848483333
320,08:55:48.837,32148837209302,100465116279,320,46,49,890909,114848483333,114.848483333
321,08:57:29.302,32249302325581,100465116279,321,45,5E+1,909091,115151516666,115.151516666
322,08:59:09.767,32349767441860,100465116279,322,43,52,945455,115757583333,115.757583333
323,09:00:50.232,32450232558139,100465116279,323,42.5,52.5,954545,115909083333,115.909083333
324,09:02:30.697,32550697674418,100465116279,324,42,53,963636,116060600000,116.060600000
325,09:04:11.162,32651162790697,100465116279,325,42,53,963636,116060600000,116.060600000
326,09:05:51.627,32751627906976,100465116279,326,42,53,963636,116060600000,116.060600000
327,09:07:32.093,32852093023255,100465116279,327,42,53,963636,116060600000,116.060600000
328,09:09:12.558,32952558139534,100465116279,328,42,53,963636,116060600000,116.060600000
329,09:10:53.023,33053023255813,100465116280,329,42,53,963636,116060600000,116.060600000
330,09:12:33.488,33153488372093,100465116279,330,42,53,963636,116060600000,116.060600000
331,09:14:13.953,33253953488372,100465116279,331,42,53,963636,116060600000,116.060600000
332,09:15:54.418,33354418604651,100465116279,332,42,53,963636,116060600000,116.060600000
333,09:17:34.883,33454883720930,100465116279,333,42,53,963636,116060600000,116.060600000
334,09:19:15.348,33555348837209,100465116279,334,42,53,963636,116060600000,116.060600000
335,09:20:55.813,33655813953488,100465116279,335,42,53,963636,116060600000,116.060600000
336,09:22:36.279,33756279069767,100465116279,336,4E+1,55,1000000,116666666667,116.666666667
337,09:24:16.744,33856744186046,100465116279,337,43,52,945455,115757583333,115.757583333
338,09:25:57.209,33957209302325,100465116279,338,43,52,945455,115757583333,115.757583333
339,09:27:37.674,34057674418604,100465116279,339,44,51,927273,115454550000,115.454550000
340,09:29:18.139,34158139534883,100465116279,340,45,5E+1,909091,115151516666,115.151516666
341,09:30:58.604,34258604651162,100465116279,341,46,49,890909,114848483333,114.848483333
342,09:32:39.069,34359069767441,100465116279,342,48,47,854545,114242416666,114.242416666
343,09:34:19.534,34459534883720,100465116280,343,5E+1,45,818182,113636366666,113.636366666
344,09:36:00.000,34560000000000,100465116279,344,49,46,836364,113939400000,113.939400000
345,09:37:40.465,34660465116279,100465116279,345,5E+1,45,818182,113636366666,113.636366666
346,09:39:20.930,34760930232558,100465116279,346,49,46,836364,113939400000,113.939400000
347,09:41:01.395,34861395348837,100465116279,347,51,44,800000,113333333333,113.333333333
348,09:42:41.860,34961860465116,100465116279,348,5E+1,45,818182,113636366666,113.636366666
349,09:44:22.325,35062325581395,100465116279,349,49,46,836364,113939400000,113.939400000
350,09:46:02.790,35162790697674,100465116279,350,52,43,781818,113030300000,113.030300000
351,09:47:43.255,35263255813953,100465116279,351,51,44,800000,113333333333,113.333333333
352,09:49:23.720,35363720930232,100465116279,352,48.5,46.5,845455,114090916666,114.090916666
353,09:51:04.186,35464186046511,100465116279,353,48.5,46.5,845455,114090916666,114.090916666
354,09:52:44.651,35564651162790,100465116279,354,49.5,45.5,827273,113787883333,113.787883333
355,09:54:25.116,35665116279069,100465116279,355,48.5,46.5,845455,114090916666,114.090916666
356,09:56:05.581,35765581395348,100465116279,356,5E+1,45,818182,113636366666,113.636366666
357,09:57:46.046,35866046511627,100465116279,357,51,44,800000,113333333333,113.333333333
358,09:59:26.511,35966511627906,100465116280,358,52,43,781818,113030300000,113.030300000
359,10:01:06.976,36066976744186,100465116279,359,51,44,800000,113333333333,113.333333333
360,10:02:47.441,36167441860465,100465116279,360,53,42,763636,112727266666,112.727266666
361,10:04:27.906,36267906976744,100465116279,361,55,4E+1,727273,112121216666,112.121216666
362,10:06:08.372,36368372093023,100465116279,362,54.5,40.5,736364,112272733333,112.272733333
363,10:07:48.837,36468837209302,100465116279,363,58,37,672727,111212116666,111.212116666
364,10:09:29.302,36569302325581,100465116279,364,6E+1,35,636364,110606066666,110.606066666
365,10:11:09.767,36669767441860,100465116279,365,6E+1,35,636364,110606066666,110.606066666
366,10:12:50.232,36770232558139,100465116279,366,63.5,31.5,572727,109545450000,109.545450000
367,10:14:30.697,36870697674418,100465116279,367,63.5,31.5,572727,109545450000,109.545450000
368,10:16:11.162,36971162790697,100465116279,368,65,3E+1,545455,109090916666,109.090916666
369,10:17:51.627,37071627906976,100465116279,369,67,28,509091,108484850000,108.484850000
370,10:19:32.093,37172093023255,100465116279,370,7E+1,25,454545,107575750000,107.575750000
371,10:21:12.558,37272558139534,100465116279,371,7E+1,25,454545,107575750000,107.575750000
372,10:22:53.023,37373023255813,100465116280,372,72,23,418182,106969700000,106.969700000
373,10:24:33.488,37473488372093,100465116279,373,73,22,400000,106666666666,106.666666666
374,10:26:13.953,37573953488372,100465116279,374,75,2E+1,363636,106060600000,106.060600000
375,10:27:54.418,37674418604651,100465116279,375,75,2E+1,363636,106060600000,106.060600000
376,10:29:34.883,37774883720930,100465116279,376,74.5,20.5,372727,106212116666,106.212116666
377,10:31:15.348,37875348837209,100465116279,377,75.5,19.5,354545,105909083333,105.909083333
378,10:32:55.813,37975813953488,100465116279,378,76,19,345455,105757583333,105.757583333
379,10:34:36.279,38076279069767,100465116279,379,75,2E+1,363636,106060600000,106.060600000
380,10:36:16.744,38176744186046,100465116279,380,73,22,400000,106666666666,106.666666666
381,10:37:57.209,38277209302325,100465116279,381,74.5,20.5,372727,106212116666,106.212116666
382,10:39:37.674,38377674418604,100465116279,382,7E+1,25,454545,107575750000,107.575750000
383,10:41:18.139,38478139534883,100465116279,383,70.5,24.5,445455,107424250000,107.424250000
384,10:42:58.604,38578604651162,100465116279,384,71,24,436364,107272733333,107.272733333
385,10:44:39.069,38679069767441,100465116279,385,68.5,26.5,481818,108030300000,108.030300000
386,10:46:19.534,38779534883720,100465116280,386,69,26,472727,107878783333,107.878783333
387,10:48:00.000,38880000000000,100465116279,387,68.5,26.5,481818,108030300000,108.030300000
388,10:49:40.465,38980465116279,100465116279,388,69.5,25.5,463636,107727266666,107.727266666
389,10:51:20.930,39080930232558,100465116279,389,67.5,27.5,500000,108333333333,108.333333333
390,10:53:01.395,39181395348837,100465116279,390,68,27,490909,108181816666,108.181816666
391,10:54:41.860,39281860465116,100465116279,391,67,28,509091,108484850000,108.484850000
392,10:56:22.325,39382325581395,100465116279,392,68,27,490909,108181816666,108.181816666
393,10:58:02.790,39482790697674,100465116279,393,66.5,28.5,518182,108636366666,108.636366666
394,10:59:43.255,39583255813953,100465116279,394,66.5,28.5,518182,108636366666,108.636366666
395,11:01:23.720,39683720930232,100465116279,395,67,28,509091,108484850000,108.484850000
396,11:03:04.186,39784186046511,100465116279,396,66,29,527273,108787883333,108.787883333
397,11:04:44.651,39884651162790,100465116279,397,65.5,29.5,536364,108939400000,108.939400000
398,11:06:25.116,39985116279069,100465116279,398,66,29,527273,108787883333,108.787883333
399,11:08:05.581,40085581395348,100465116279,399,65,3E+1,545455,109090916666,109.090916666
400,11:09:46.046,40186046511627,100465116279,400,65,3E+1,545455,109090916666,109.090916666
401,11:11:26.511,40286511627906,100465116280,401,66,29,527273,108787883333,108.787883333
402,11:13:06.976,40386976744186,100465116279,402,64.5,30.5,554545,109242416666,109.242416666
403,11:14:47.441,40487441860465,100465116279,403,65,3E+1,545455,109090916666,109.090916666
404,11:16:27.906,40587906976744,100465116279,404,64,31,563636,109393933333,109.393933333
405,11:18:08.372,40688372093023,100465116279,405,63.5,31.5,572727,109545450000,109.545450000
406,11:19:48.837,40788837209302,100465116279,406,63.5,31.5,572727,109545450000,109.545450000
407,11:21:29.302,40889302325581,100465116279,407,63,32,581818,109696966666,109.696966666
408,11:23:09.767,40989767441860,100465116279,408,64,31,563636,109393933333,109.393933333
409,11:24:50.232,41090232558139,100465116279,409,64,31,563636,109393933333,109.393933333
410,11:26:30.697,41190697674418,100465116279,410,64,31,563636,109393933333,109.393933333
411,11:28:11.162,41291162790697,100465116279,411,64,31,563636,109393933333,109.393933333
412,11:29:51.627,41391627906976,100465116279,412,64,31,563636,109393933333,109.393933333
413,11:31:32.093,41492093023255,100465116279,413,64,31,563636,109393933333,109.393933333
414,11:33:12.558,41592558139534,100465116279,414,63,32,581818,109696966666,109.696966666
415,11:34:53.023,41693023255813,100465116280,415,63,32,581818,109696966666,109.696966666
416,11:36:33.488,41793488372093,100465116279,416,63,32,581818,109696966666,109.696966666
417,11:38:13.953,41893953488372,100465116279,417,63,32,581818,109696966666,109.696966666
418,11:39:54.418,41994418604651,100465116279,418,63.5,31.5,572727,109545450000,109.545450000
419,11:41:34.883,42094883720930,100465116279,419,63.5,31.5,572727,109545450000,109.545450000
420,11:43:15.348,42195348837209,100465116279,420,65,3E+1,545455,109090916666,109.090916666
421,11:44:55.813,42295813953488,100465116279,421,64,31,563636,109393933333,109.393933333
422,11:46:36.279,42396279069767,100465116279,422,64,31,563636,109393933333,109.393933333
423,11:48:16.744,42496744186046,100465116279,423,64,31,563636,109393933333,109.393933333
424,11:49:57.209,42597209302325,100465116279,424,64.5,30.5,554545,109242416666,109.242416666
425,11:51:37.674,42697674418604,100465116279,425,66,29,527273,108787883333,108.787883333
426,11:53:18.139,42798139534883,100465116279,426,66,29,527273,108787883333,108.787883333
427,11:54:58.604,42898604651162,100465116279,427,66,29,527273,108787883333,108.787883333
428,11:56:39.069,42999069767441,100465116279,428,65,3E+1,545455,109090916666,109.090916666
429,11:58:19.534,43099534883720,100465116280,429,65,3E+1,545455,109090916666,109.090916666
430,12:00:00.000,43200000000000,100465116279,430,66,29,527273,108787883333,108.787883333
431,12:01:40.465,43300465116279,100465116279,431,65.5,29.5,536364,108939400000,108.939400000
432,12:03:20.930,43400930232558,100465116279,432,66.25,28.75,522727,108712116666,108.712116666
433,12:05:01.395,43501395348837,100465116279,433,67,28,509091,108484850000,108.484850000
434,12:06:41.860,43601860465116,100465116279,434,66,29,527273,108787883333,108.787883333
435,12:08:22.325,43702325581395,100465116279,435,66,29,527273,108787883333,108.787883333
436,12:10:02.790,43802790697674,100465116279,436,66,29,527273,108787883333,108.787883333
437,12:11:43.255,43903255813953,100465116279,437,66.5,28.5,518182,108636366666,108.636366666
438,12:13:23.720,44003720930232,100465116279,438,68,27,490909,108181816666,108.181816666
439,12:15:04.186,44104186046511,100465116279,439,68,27,490909,108181816666,108.181816666
440,12:16:44.651,44204651162790,100465116279,440,68,27,490909,108181816666,108.181816666
441,12:18:25.116,44305116279069,100465116279,441,67,28,509091,108484850000,108.484850000
442,12:20:05.581,44405581395348,100465116279,442,67,28,509091,108484850000,108.484850000
443,12:21:46.046,44506046511627,100465116279,443,68,27,490909,108181816666,108.181816666
444,12:23:26.511,44606511627906,100465116280,444,68,27,490909,108181816666,108.181816666
445,12:25:06.976,44706976744186,100465116279,445,67.5,27.5,500000,108333333333,108.333333333
446,12:26:47.441,44807441860465,100465116279,446,69,26,472727,107878783333,107.878783333
447,12:28:27.906,44907906976744,100465116279,447,69,26,472727,107878783333,107.878783333
448,12:30:08.372,45008372093023,100465116279,448,68,27,490909,108181816666,108.181816666
449,12:31:48.837,45108837209302,100465116279,449,68,27,490909,108181816666,108.181816666
450,12:33:29.302,45209302325581,100465116279,450,68,27,490909,108181816666,108.181816666
451,12:35:09.767,45309767441860,100465116279,451,67,28,509091,108484850000,108.484850000
452,12:36:50.232,45410232558139,100465116279,452,67.333,27.667,503036,108383933333,108.383933333
453,12:38:30.697,45510697674418,100465116279,453,67.667,27.333,496964,108282733333,108.282733333
454,12:40:11.162,45611162790697,100465116279,454,68,27,490909,108181816666,108.181816666
455,12:41:51.627,45711627906976,100465116279,455,68,27,490909,108181816666,108.181816666
456,12:43:32.093,45812093023255,100465116279,456,68,27,490909,108181816666,108.181816666
457,12:45:12.558,45912558139534,100465116279,457,69,26,472727,107878783333,107.878783333
458,12:46:53.023,46013023255813,100465116280,458,69,26,472727,107878783333,107.878783333
459,12:48:33.488,46113488372093,100465116279,459,68,27,490909,108181816666,108.181816666
460,12:50:13.953,46213953488372,100465116279,460,68,27,490909,108181816666,108.181816666
461,12:51:54.418,46314418604651,100465116279,461,68,27,490909,108181816666,108.181816666
462,12:53:34.883,46414883720930,100465116279,462,68,27,490909,108181816666,108.181816666
463,12:55:15.348,46515348837209,100465116279,463,66.5,28.5,518182,108636366666,108.636366666
464,12:56:55.813,46615813953488,100465116279,464,66,29,527273,108787883333,108.787883333
465,12:58:36.279,46716279069767,100465116279,465,66,29,527273,108787883333,108.787883333
466,13:00:16.744,46816744186046,100465116279,466,65.5,29.5,536364,108939400000,108.939400000
467,13:01:57.209,46917209302325,100465116279,467,65.5,29.5,536364,108939400000,108.939400000
468,13:03:37.674,47017674418604,100465116279,468,66,29,527273,108787883333,108.787883333
469,13:05:18.139,47118139534883,100465116279,469,66,29,527273,108787883333,108.787883333
470,13:06:58.604,47218604651162,100465116279,470,66,29,527273,108787883333,108.787883333
471,13:08:39.069,47319069767441,100465116279,471,66,29,527273,108787883333,108.787883333
472,13:10:19.534,47419534883720,100465116280,472,66,29,527273,108787883333,108.787883333
473,13:12:00.000,47520000000000,100465116279,473,66.5,28.5,518182,108636366666,108.636366666
474,13:13:40.465,47620465116279,100465116279,474,66.5,28.5,518182,108636366666,108.636366666
475,13:15:20.930,47720930232558,100465116279,475,65.5,29.5,536364,108939400000,108.939400000
476,13:17:01.395,47821395348837,100465116279,476,66.5,28.5,518182,108636366666,108.636366666
477,13:18:41.860,47921860465116,100465116279,477,67.5,27.5,500000,108333333333,108.333333333
478,13:20:22.325,48022325581395,100465116279,478,68.5,26.5,481818,108030300000,108.030300000
479,13:22:02.790,48122790697674,100465116279,479,70.5,24.5,445455,107424250000,107.424250000
480,13:23:43.255,48223255813953,100465116279,480,7E+1,25,454545,107575750000,107.575750000
481,13:25:23.720,48323720930232,100465116279,481,72,23,418182,106969700000,106.969700000
482,13:27:04.186,48424186046511,100465116279,482,73,22,400000,106666666666,106.666666666
483,13:28:44.651,48524651162790,100465116279,483,74,21,381818,106363633333,106.363633333
484,13:30:25.116,48625116279069,100465116279,484,73.5,21.5,390909,106515150000,106.515150000
485,13:32:05.581,48725581395348,100465116279,485,74.5,20.5,372727,106212116666,106.212116666
486,13:33:46.046,48826046511627,100465116279,486,77,18,327273,105454550000,105.454550000
487,13:35:26.511,48926511627906,100465116280,487,77,18,327273,105454550000,105.454550000
488,13:37:06.976,49026976744186,100465116279,488,78,17,309091,105151516666,105.151516666
489,13:38:47.441,49127441860465,100465116279,489,79,16,290909,104848483333,104.848483333
490,13:40:27.906,49227906976744,100465116279,490,8E+1,15,272727,104545450000,104.545450000
491,13:42:08.372,49328372093023,100465116279,491,79.5,15.5,281818,104696966666,104.696966666
492,13:43:48.837,49428837209302,100465116279,492,79,16,290909,104848483333,104.848483333
493,13:45:29.302,49529302325581,100465116279,493,80.5,14.5,263636,104393933333,104.393933333
494,13:47:09.767,49629767441860,100465116279,494,83,12,218182,103636366666,103.636366666
495,13:48:50.232,49730232558139,100465116279,495,84,11,200000,103333333333,103.333333333
496,13:50:30.697,49830697674418,100465116279,496,84,11,200000,103333333333,103.333333333
497,13:52:11.162,49931162790697,100465116279,497,85,1E+1,181818,103030300000,103.030300000
498,13:53:51.627,50031627906976,100465116279,498,83,12,218182,103636366666,103.636366666
499,13:55:32.093,50132093023255,100465116279,499,86,9,163636,102727266666,102.727266666
500,13:57:12.558,50232558139534,100465116279,500,87,8,145455,102424250000,102.424250000
501,13:58:53.023,50333023255813,100465116280,501,85,1E+1,181818,103030300000,103.030300000
502,14:00:33.488,50433488372093,100465116279,502,86.5,8.5,154545,102575750000,102.575750000
503,14:02:13.953,50533953488372,100465116279,503,85,1E+1,181818,103030300000,103.030300000
504,14:03:54.418,50634418604651,100465116279,504,87,8,145455,102424250000,102.424250000
505,14:05:34.883,50734883720930,100465116279,505,85.5,9.5,172727,102878783333,102.878783333
506,14:07:15.348,50835348837209,100465116279,506,85,1E+1,181818,103030300000,103.030300000
507,14:08:55.813,50935813953488,100465116279,507,86,9,163636,102727266666,102.727266666
508,14:10:36.279,51036279069767,100465116279,508,84.5,10.5,190909,103181816666,103.181816666
509,14:12:16.744,51136744186046,100465116279,509,85.5,9.5,172727,102878783333,102.878783333
510,14:13:57.209,51237209302325,100465116279,510,86,9,163636,102727266666,102.727266666
511,14:15:37.674,51337674418604,100465116279,511,86,9,163636,102727266666,102.727266666
512,14:17:18.139,51438139534883,100465116279,512,86.5,8.5,154545,102575750000,102.575750000
513,14:18:58.604,51538604651162,100465116279,513,87,8,145455,102424250000,102.424250000
514,14:20:39.069,51639069767441,100465116279,514,88,7,127273,102121216666,102.121216666
515,14:22:19.534,51739534883720,100465116280,515,88,7,127273,102121216666,102.121216666
516,14:24:00.000,51840000000000,100465116279,516,89,6,109091,101818183333,101.818183333
517,14:25:40.465,51940465116279,100465116279,517,88.5,6.5,118182,101969700000,101.969700000
518,14:27:20.930,52040930232558,100465116279,518,9E+1,5,90909,101515150000,101.515150000
519,14:29:01.395,52141395348837,100465116279,519,91,4,72727,101212116666,101.212116666
520,14:30:41.860,52241860465116,100465116279,520,9E+1,5,90909,101515150000,101.515150000
521,14:32:22.325,52342325581395,100465116279,521,88,7,127273,102121216666,102.121216666
522,14:34:02.790,52442790697674,100465116279,522,88.5,6.5,118182,101969700000,101.969700000
523,14:35:43.255,52543255813953,100465116279,523,88,7,127273,102121216666,102.121216666
524,14:37:23.720,52643720930232,100465116279,524,86,9,163636,102727266666,102.727266666
525,14:39:04.186,52744186046511,100465116279,525,89.5,5.5,100000,101666666666,101.666666666
526,14:40:44.651,52844651162790,100465116279,526,88,7,127273,102121216666,102.121216666
527,14:42:25.116,52945116279069,100465116279,527,86,9,163636,102727266666,102.727266666
528,14:44:05.581,53045581395348,100465116279,528,85,1E+1,181818,103030300000,103.030300000
529,14:45:46.046,53146046511627,100465116279,529,81.5,13.5,245455,104090916666,104.090916666
530,14:47:26.511,53246511627906,100465116280,530,82,13,236364,103939400000,103.939400000
531,14:49:06.976,53346976744186,100465116279,531,81,14,254545,104242416666,104.242416666
532,14:50:47.441,53447441860465,100465116279,532,78,17,309091,105151516666,105.151516666
533,14:52:27.906,53547906976744,100465116279,533,78,17,309091,105151516666,105.151516666
534,14:54:08.372,53648372093023,100465116279,534,77,18,327273,105454550000,105.454550000
535,14:55:48.837,53748837209302,100465116279,535,76.5,18.5,336364,105606066666,105.606066666
536,14:57:29.302,53849302325581,100465116279,536,76,19,345455,105757583333,105.757583333
537,14:59:09.767,53949767441860,100465116279,537,76,19,345455,105757583333,105.757583333
538,15:00:50.232,54050232558139,100465116279,538,74.5,20.5,372727,106212116666,106.212116666
539,15:02:30.697,54150697674418,100465116279,539,74.5,20.5,372727,106212116666,106.212116666
540,15:04:11.162,54251162790697,100465116279,540,73,22,400000,106666666666,106.666666666
541,15:05:51.627,54351627906976,100465116279,541,74,21,381818,106363633333,106.363633333
542,15:07:32.093,54452093023255,100465116279,542,75,2E+1,363636,106060600000,106.060600000
543,15:09:12.558,54552558139534,100465116279,543,75,2E+1,363636,106060600000,106.060600000
544,15:10:53.023,54653023255813,100465116280,544,73.5,21.5,390909,106515150000,106.515150000
545,15:12:33.488,54753488372093,100465116279,545,74,21,381818,106363633333,106.363633333
546,15:14:13.953,54853953488372,100465116279,546,74,21,381818,106363633333,106.363633333
547,15:15:54.418,54954418604651,100465116279,547,74,21,381818,106363633333,106.363633333
548,15:17:34.883,55054883720930,100465116279,548,74.5,20.5,372727,106212116666,106.212116666
549,15:19:15.348,55155348837209,100465116279,549,72.5,22.5,409091,106818183333,106.818183333
550,15:20:55.813,55255813953488,100465116279,550,72.5,22.5,409091,106818183333,106.818183333
551,15:22:36.279,55356279069767,100465116279,551,72.5,22.5,409091,106818183333,106.818183333
552,15:24:16.744,55456744186046,100465116279,552,72,23,418182,106969700000,106.969700000
553,15:25:57.209,55557209302325,100465116279,553,72,23,418182,106969700000,106.969700000
554,15:27:37.674,55657674418604,100465116279,554,71.5,23.5,427273,107121216666,107.121216666
555,15:29:18.139,55758139534883,100465116279,555,71.5,23.5,427273,107121216666,107.121216666
556,15:30:58.604,55858604651162,100465116279,556,71.5,23.5,427273,107121216666,107.121216666
557,15:32:39.069,55959069767441,100465116279,557,71,24,436364,107272733333,107.272733333
558,15:34:19.534,56059534883720,100465116280,558,72,23,418182,106969700000,106.969700000
559,15:36:00.000,56160000000000,100465116279,559,70.5,24.5,445455,107424250000,107.424250000
560,15:37:40.465,56260465116279,100465116279,560,69,26,472727,107878783333,107.878783333
561,15:39:20.930,56360930232558,100465116279,561,69.5,25.5,463636,107727266666,107.727266666
562,15:41:01.395,56461395348837,100465116279,562,69.5,25.5,463636,107727266666,107.727266666
563,15:42:41.860,56561860465116,100465116279,563,7E+1,25,454545,107575750000,107.575750000
564,15:44:22.325,56662325581395,100465116279,564,68.5,26.5,481818,108030300000,108.030300000
565,15:46:02.790,56762790697674,100465116279,565,67.5,27.5,500000,108333333333,108.333333333
566,15:47:43.255,56863255813953,100465116279,566,67.5,27.5,500000,108333333333,108.333333333
567,15:49:23.720,56963720930232,100465116279,567,66.5,28.5,518182,108636366666,108.636366666
568,15:51:04.186,57064186046511,100465116279,568,67,28,509091,108484850000,108.484850000
569,15:52:44.651,57164651162790,100465116279,569,65.5,29.5,536364,108939400000,108.939400000
570,15:54:25.116,57265116279069,100465116279,570,65,3E+1,545455,109090916666,109.090916666
571,15:56:05.581,57365581395348,100465116279,571,64.5,30.5,554545,109242416666,109.242416666
572,15:57:46.046,57466046511627,100465116279,572,64,31,563636,109393933333,109.393933333
573,15:59:26.511,57566511627906,100465116280,573,65,3E+1,545455,109090916666,109.090916666
574,16:01:06.976,57666976744186,100465116279,574,63,32,581818,109696966666,109.696966666
575,16:02:47.441,57767441860465,100465116279,575,62.5,32.5,590909,109848483333,109.848483333
576,16:04:27.906,57867906976744,100465116279,576,63,32,581818,109696966666,109.696966666
577,16:06:08.372,57968372093023,100465116279,577,61.5,33.5,609091,110151516666,110.151516666
578,16:07:48.837,58068837209302,100465116279,578,62,33,600000,110000000000,110.000000000
579,16:09:29.302,58169302325581,100465116279,579,60.5,34.5,627273,110454550000,110.454550000
580,16:11:09.767,58269767441860,100465116279,580,61,34,618182,110303033333,110.303033333
581,16:12:50.232,58370232558139,100465116279,581,59.5,35.5,645455,110757583333,110.757583333
582,16:14:30.697,58470697674418,100465116279,582,6E+1,35,636364,110606066666,110.606066666
583,16:16:11.162,58571162790697,100465116279,583,60.5,34.5,627273,110454550000,110.454550000
584,16:17:51.627,58671627906976,100465116279,584,61,34,618182,110303033333,110.303033333
585,16:19:32.093,58772093023255,100465116279,585,61.5,33.5,609091,110151516666,110.151516666
586,16:21:12.558,58872558139534,100465116279,586,60.5,34.5,627273,110454550000,110.454550000
587,16:22:53.023,58973023255813,100465116280,587,61.5,33.5,609091,110151516666,110.151516666
588,16:24:33.488,59073488372093,100465116279,588,63.5,31.5,572727,109545450000,109.545450000
589,16:26:13.953,59173953488372,100465116279,589,62.5,32.5,590909,109848483333,109.848483333
590,16:27:54.418,59274418604651,100465116279,590,64,31,563636,109393933333,109.393933333
591,16:29:34.883,59374883720930,100465116279,591,63,32,581818,109696966666,109.696966666
592,16:31:15.348,59475348837209,100465116279,592,64.5,30.5,554545,109242416666,109.242416666
593,16:32:55.813,59575813953488,100465116279,593,66,29,527273,108787883333,108.787883333
594,16:34:36.279,59676279069767,100465116279,594,66,29,527273,108787883333,108.787883333
595,16:36:16.744,59776744186046,100465116279,595,66.5,28.5,518182,108636366666,108.636366666
596,16:37:57.209,59877209302325,100465116279,596,67.5,27.5,500000,108333333333,108.333333333
597,16:39:37.674,59977674418604,100465116279,597,69,26,472727,107878783333,107.878783333
598,16:41:18.139,60078139534883,100465116279,598,68.5,26.5,481818,108030300000,108.030300000
599,16:42:58.604,60178604651162,100465116279,599,7E+1,25,454545,107575750000,107.575750000
600,16:44:39.069,60279069767441,100465116279,600,71,24,436364,107272733333,107.272733333
601,16:46:19.534,60379534883720,100465116280,601,70.5,24.5,445455,107424250000,107.424250000
602,16:48:00.000,60480000000000,100465116279,602,72,23,418182,106969700000,106.969700000
603,16:49:40.465,60580465116279,100465116279,603,71.5,23.5,427273,107121216666,107.121216666
604,16:51:20.930,60680930232558,100465116279,604,72.5,22.5,409091,106818183333,106.818183333
605,16:53:01.395,60781395348837,100465116279,605,74,21,381818,106363633333,106.363633333
606,16:54:41.860,60881860465116,100465116279,606,75.5,19.5,354545,105909083333,105.909083333
607,16:56:22.325,60982325581395,100465116279,607,74.5,20.5,372727,106212116666,106.212116666
608,16:58:02.790,61082790697674,100465116279,608,75,2E+1,363636,106060600000,106.060600000
609,16:59:43.255,61183255813953,100465116279,609,75.5,19.5,354545,105909083333,105.909083333
610,17:01:23.720,61283720930232,100465116279,610,76.5,18.5,336364,105606066666,105.606066666
611,17:03:04.186,61384186046511,100465116279,611,78,17,309091,105151516666,105.151516666
612,17:04:44.651,61484651162790,100465116279,612,77.5,17.5,318182,105303033333,105.303033333
613,17:06:25.116,61585116279069,100465116279,613,78,17,309091,105151516666,105.151516666
614,17:08:05.581,61685581395348,100465116279,614,79,16,290909,104848483333,104.848483333
615,17:09:46.046,61786046511627,100465116279,615,8E+1,15,272727,104545450000,104.545450000
616,17:11:26.511,61886511627906,100465116280,616,8E+1,15,272727,104545450000,104.545450000
617,17:13:06.976,61986976744186,100465116279,617,8E+1,15,272727,104545450000,104.545450000
618,17:14:47.441,62087441860465,100465116279,618,77,18,327273,105454550000,105.454550000
619,17:16:27.906,62187906976744,100465116279,619,77.5,17.5,318182,105303033333,105.303033333
620,17:18:08.372,62288372093023,100465116279,620,78,17,309091,105151516666,105.151516666
621,17:19:48.837,62388837209302,100465116279,621,76.5,18.5,336364,105606066666,105.606066666
622,17:21:29.302,62489302325581,100465116279,622,75.5,19.5,354545,105909083333,105.909083333
623,17:23:09.767,62589767441860,100465116279,623,75.5,19.5,354545,105909083333,105.909083333
624,17:24:50.232,62690232558139,100465116279,624,74.5,20.5,372727,106212116666,106.212116666
625,17:26:30.697,62790697674418,100465116279,625,74.5,20.5,372727,106212116666,106.212116666
626,17:28:11.162,62891162790697,100465116279,626,73.5,21.5,390909,106515150000,106.515150000
627,17:29:51.627,62991627906976,100465116279,627,73.5,21.5,390909,106515150000,106.515150000
628,17:31:32.093,63092093023255,100465116279,628,74,21,381818,106363633333,106.363633333
629,17:33:12.558,63192558139534,100465116279,629,74,21,381818,106363633333,106.363633333
630,17:34:53.023,63293023255813,100465116280,630,74,21,381818,106363633333,106.363633333
631,17:36:33.488,63393488372093,100465116279,631,73,22,400000,106666666666,106.666666666
632,17:38:13.953,63493953488372,100465116279,632,73,22,400000,106666666666,106.666666666
633,17:39:54.418,63594418604651,100465116279,633,73,22,400000,106666666666,106.666666666
634,17:41:34.883,63694883720930,100465116279,634,74,21,381818,106363633333,106.363633333
635,17:43:15.348,63795348837209,100465116279,635,74,21,381818,106363633333,106.363633333
636,17:44:55.813,63895813953488,100465116279,636,75,2E+1,363636,106060600000,106.060600000
637,17:46:36.279,63996279069767,100465116279,637,75,2E+1,363636,106060600000,106.060600000
638,17:48:16.744,64096744186046,100465116279,638,76,19,345455,105757583333,105.757583333
639,17:49:57.209,64197209302325,100465116279,639,76,19,345455,105757583333,105.757583333
640,17:51:37.674,64297674418604,100465116279,640,77,18,327273,105454550000,105.454550000
641,17:53:18.139,64398139534883,100465116279,641,76.5,18.5,336364,105606066666,105.606066666
642,17:54:58.604,64498604651162,100465116279,642,78.5,16.5,300000,105000000000,105.000000000
643,17:56:39.069,64599069767441,100465116279,643,79,16,290909,104848483333,104.848483333
644,17:58:19.534,64699534883720,100465116280,644,8E+1,15,272727,104545450000,104.545450000
645,18:00:00.000,64800000000000,100465116279,645,80.5,14.5,263636,104393933333,104.393933333
646,18:01:40.465,64900465116279,100465116279,646,81,14,254545,104242416666,104.242416666
647,18:03:20.930,65000930232558,100465116279,647,81.5,13.5,245455,104090916666,104.090916666
648,18:05:01.395,65101395348837,100465116279,648,82,13,236364,103939400000,103.939400000
649,18:06:41.860,65201860465116,100465116279,649,83,12,218182,103636366666,103.636366666
650,18:08:22.325,65302325581395,100465116279,650,83.5,11.5,209091,103484850000,103.484850000
651,18:10:02.790,65402790697674,100465116279,651,84,11,200000,103333333333,103.333333333
652,18:11:43.255,65503255813953,100465116279,652,85,1E+1,181818,103030300000,103.030300000
653,18:13:23.720,65603720930232,100465116279,653,85,1E+1,181818,103030300000,103.030300000
654,18:15:04.186,65704186046511,100465116279,654,86,9,163636,102727266666,102.727266666
655,18:16:44.651,65804651162790,100465116279,655,86.5,8.5,154545,102575750000,102.575750000
656,18:18:25.116,65905116279069,100465116279,656,87,8,145455,102424250000,102.424250000
657,18:20:05.581,66005581395348,100465116279,657,88,7,127273,102121216666,102.121216666
658,18:21:46.046,66106046511627,100465116279,658,88.5,6.5,118182,101969700000,101.969700000
659,18:23:26.511,66206511627906,100465116280,659,89,6,109091,101818183333,101.818183333
660,18:25:06.976,66306976744186,100465116279,660,89,6,109091,101818183333,101.818183333
661,18:26:47.441,66407441860465,100465116279,661,9E+1,5,90909,101515150000,101.515150000
662,18:28:27.906,66507906976744,100465116279,662,90.5,4.5,81818,101363633333,101.363633333
663,18:30:08.372,66608372093023,100465116279,663,91,4,72727,101212116666,101.212116666
664,18:31:48.837,66708837209302,100465116279,664,92,3,54545,100909083333,100.909083333
665,18:33:29.302,66809302325581,100465116279,665,92.5,2.5,45455,100757583333,100.757583333
666,18:35:09.767,66909767441860,100465116279,666,93,2,36364,100606066666,100.606066666
667,18:36:50.232,67010232558139,100465116279,667,94,1,18182,100303033333,100.303033333
668,18:38:30.697,67110697674418,100465116279,668,94,1,18182,100303033333,100.303033333
669,18:40:11.162,67211162790697,100465116279,669,93.5,1.5,27273,100454550000,100.454550000
670,18:41:51.627,67311627906976,100465116279,670,93.5,1.5,27273,100454550000,100.454550000
671,18:43:32.093,67412093023255,100465116279,671,93,2,36364,100606066666,100.606066666
672,18:45:12.558,67512558139534,100465116279,672,94,1,18182,100303033333,100.303033333
673,18:46:53.023,67613023255813,100465116280,673,93,2,36364,100606066666,100.606066666
674,18:48:33.488,67713488372093,100465116279,674,93,2,36364,100606066666,100.606066666
675,18:50:13.953,67813953488372,100465116279,675,95,0,0,100000000000,100.000000000
676,18:51:54.418,67914418604651,100465116279,676,90.5,4.5,81818,101363633333,101.363633333
677,18:53:34.883,68014883720930,100465116279,677,91,4,72727,101212116666,101.212116666
678,18:55:15.348,68115348837209,100465116279,678,89,6,109091,101818183333,101.818183333
679,18:56:55.813,68215813953488,100465116279,679,88,7,127273,102121216666,102.121216666
680,18:58:36.279,68316279069767,100465116279,680,87,8,145455,102424250000,102.424250000
681,19:00:16.744,68416744186046,100465116279,681,87.5,7.5,136364,102272733333,102.272733333
682,19:01:57.209,68517209302325,100465116279,682,88,7,127273,102121216666,102.121216666
683,19:03:37.674,68617674418604,100465116279,683,84,11,200000,103333333333,103.333333333
684,19:05:18.139,68718139534883,100465116279,684,85,1E+1,181818,103030300000,103.030300000
685,19:06:58.604,68818604651162,100465116279,685,83,12,218182,103636366666,103.636366666
686,19:08:39.069,68919069767441,100465116279,686,83.5,11.5,209091,103484850000,103.484850000
687,19:10:19.534,69019534883720,100465116280,687,84.5,10.5,190909,103181816666,103.181816666
688,19:12:00.000,69120000000000,100465116279,688,84.5,10.5,190909,103181816666,103.181816666
689,19:13:40.465,69220465116279,100465116279,689,84.5,10.5,190909,103181816666,103.181816666
690,19:15:20.930,69320930232558,100465116279,690,84.5,10.5,190909,103181816666,103.181816666
691,19:17:01.395,69421395348837,100465116279,691,84.5,10.5,190909,103181816666,103.181816666
692,19:18:41.860,69521860465116,100465116279,692,84.5,10.5,190909,103181816666,103.181816666
693,19:20:22.325,69622325581395,100465116279,693,84.5,10.5,190909,103181816666,103.181816666
694,19:22:02.790,69722790697674,100465116279,694,84.5,10.5,190909,103181816666,103.181816666
695,19:23:43.255,69823255813953,100465116279,695,84.5,10.5,190909,103181816666,103.181816666
696,19:25:23.720,69923720930232,100465116279,696,84.5,10.5,190909,103181816666,103.181816666
697,19:27:04.186,70024186046511,100465116279,697,84.5,10.5,190909,103181816666,103.181816666
698,19:28:44.651,70124651162790,100465116279,698,84.5,10.5,190909,103181816666,103.181816666
699,19:30:25.116,70225116279069,100465116279,699,84.5,10.5,190909,103181816666,103.181816666
700,19:32:05.581,70325581395348,100465116279,700,84.5,10.5,190909,103181816666,103.181816666
701,19:33:46.046,70426046511627,100465116279,701,84.5,10.5,190909,103181816666,103.181816666
702,19:35:26.511,70526511627906,100465116280,702,84.5,10.5,190909,103181816666,103.181816666
703,19:37:06.976,70626976744186,100465116279,703,84.5,10.5,190909,103181816666,103.181816666
704,19:38:47.441,70727441860465,100465116279,704,84,11,200000,103333333333,103.333333333
705,19:40:27.906,70827906976744,100465116279,705,82.5,12.5,227273,103787883333,103.787883333
706,19:42:08.372,70928372093023,100465116279,706,82.5,12.5,227273,103787883333,103.787883333
707,19:43:48.837,71028837209302,100465116279,707,82.5,12.5,227273,103787883333,103.787883333
708,19:45:29.302,71129302325581,100465116279,708,81.5,13.5,245455,104090916666,104.090916666
709,19:47:09.767,71229767441860,100465116279,709,8E+1,15,272727,104545450000,104.545450000
710,19:48:50.232,71330232558139,100465116279,710,80.5,14.5,263636,104393933333,104.393933333
711,19:50:30.697,71430697674418,100465116279,711,78.5,16.5,300000,105000000000,105.000000000
712,19:52:11.162,71531162790697,100465116279,712,79.5,15.5,281818,104696966666,104.696966666
713,19:53:51.627,71631627906976,100465116279,713,78.5,16.5,300000,105000000000,105.000000000
714,19:55:32.093,71732093023255,100465116279,714,77,18,327273,105454550000,105.454550000
715,19:57:12.558,71832558139534,100465116279,715,77.5,17.5,318182,105303033333,105.303033333
716,19:58:53.023,71933023255813,100465116280,716,79,16,290909,104848483333,104.848483333
717,20:00:33.488,72033488372093,100465116279,717,76.5,18.5,336364,105606066666,105.606066666
718,20:02:13.953,72133953488372,100465116279,718,74,21,381818,106363633333,106.363633333
719,20:03:54.418,72234418604651,100465116279,719,75.5,19.5,354545,105909083333,105.909083333
720,20:05:34.883,72334883720930,100465116279,720,74.5,20.5,372727,106212116666,106.212116666
721,20:07:15.348,72435348837209,100465116279,721,74.5,20.5,372727,106212116666,106.212116666
722,20:08:55.813,72535813953488,100465116279,722,75,2E+1,363636,106060600000,106.060600000
723,20:10:36.279,72636279069767,100465116279,723,75,2E+1,363636,106060600000,106.060600000
724,20:12:16.744,72736744186046,100465116279,724,74.5,20.5,372727,106212116666,106.212116666
725,20:13:57.209,72837209302325,100465116279,725,76.5,18.5,336364,105606066666,105.606066666
726,20:15:37.674,72937674418604,100465116279,726,76,19,345455,105757583333,105.757583333
727,20:17:18.139,73038139534883,100465116279,727,77,18,327273,105454550000,105.454550000
728,20:18:58.604,73138604651162,100465116279,728,76.5,18.5,336364,105606066666,105.606066666
729,20:20:39.069,73239069767441,100465116279,729,78,17,309091,105151516666,105.151516666
730,20:22:19.534,73339534883720,100465116280,730,78.5,16.5,300000,105000000000,105.000000000
731,20:24:00.000,73440000000000,100465116279,731,77.5,17.5,318182,105303033333,105.303033333
732,20:25:40.465,73540465116279,100465116279,732,79,16,290909,104848483333,104.848483333
733,20:27:20.930,73640930232558,100465116279,733,78.5,16.5,300000,105000000000,105.000000000
734,20:29:01.395,73741395348837,100465116279,734,8E+1,15,272727,104545450000,104.545450000
735,20:30:41.860,73841860465116,100465116279,735,79.5,15.5,281818,104696966666,104.696966666
736,20:32:22.325,73942325581395,100465116279,736,80.5,14.5,263636,104393933333,104.393933333
737,20:34:02.790,74042790697674,100465116279,737,82,13,236364,103939400000,103.939400000
738,20:35:43.255,74143255813953,100465116279,738,82,13,236364,103939400000,103.939400000
739,20:37:23.720,74243720930232,100465116279,739,81.5,13.5,245455,104090916666,104.090916666
740,20:39:04.186,74344186046511,100465116279,740,82.5,12.5,227273,103787883333,103.787883333
741,20:40:44.651,74444651162790,100465116279,741,84,11,200000,103333333333,103.333333333
742,20:42:25.116,74545116279069,100465116279,742,84,11,200000,103333333333,103.333333333
743,20:44:05.581,74645581395348,100465116279,743,85.5,9.5,172727,102878783333,102.878783333
744,20:45:46.046,74746046511627,100465116279,744,84.5,10.5,190909,103181816666,103.181816666
745,20:47:26.511,74846511627906,100465116280,745,84.5,10.5,190909,103181816666,103.181816666
746,20:49:06.976,74946976744186,100465116279,746,86,9,163636,102727266666,102.727266666
747,20:50:47.441,75047441860465,100465116279,747,86,9,163636,102727266666,102.727266666
748,20:52:27.906,75147906976744,100465116279,748,84,11,200000,103333333333,103.333333333
749,20:54:08.372,75248372093023,100465116279,749,85.5,9.5,172727,102878783333,102.878783333
750,20:55:48.837,75348837209302,100465116279,750,86.5,8.5,154545,102575750000,102.575750000
751,20:57:29.302,75449302325581,100465116279,751,86.5,8.5,154545,102575750000,102.575750000
752,20:59:09.767,75549767441860,100465116279,752,88,7,127273,102121216666,102.121216666
753,21:00:50.232,75650232558139,100465116279,753,87,8,145455,102424250000,102.424250000
754,21:02:30.697,75750697674418,100465116279,754,87,8,145455,102424250000,102.424250000
755,21:04:11.162,75851162790697,100465116279,755,86.667,8.333,151509,102525150000,102.525150000
756,21:05:51.627,75951627906976,100465116279,756,86.333,8.667,157582,102626366666,102.626366666
757,21:07:32.093,76052093023255,100465116279,757,86,9,163636,102727266666,102.727266666
758,21:09:12.558,76152558139534,100465116279,758,85,1E+1,181818,103030300000,103.030300000
759,21:10:53.023,76253023255813,100465116280,759,84,11,200000,103333333333,103.333333333
760,21:12:33.488,76353488372093,100465116279,760,85,1E+1,181818,103030300000,103.030300000
761,21:14:13.953,76453953488372,100465116279,761,82,13,236364,103939400000,103.939400000
762,21:15:54.418,76554418604651,100465116279,762,81,14,254545,104242416666,104.242416666
763,21:17:34.883,76654883720930,100465116279,763,82,13,236364,103939400000,103.939400000
764,21:19:15.348,76755348837209,100465116279,764,81,14,254545,104242416666,104.242416666
765,21:20:55.813,76855813953488,100465116279,765,8E+1,15,272727,104545450000,104.545450000
766,21:22:36.279,76956279069767,100465116279,766,78,17,309091,105151516666,105.151516666
767,21:24:16.744,77056744186046,100465116279,767,78.5,16.5,300000,105000000000,105.000000000
768,21:25:57.209,77157209302325,100465116279,768,77,18,327273,105454550000,105.454550000
769,21:27:37.674,77257674418604,100465116279,769,77.5,17.5,318182,105303033333,105.303033333
770,21:29:18.139,77358139534883,100465116279,770,76.5,18.5,336364,105606066666,105.606066666
771,21:30:58.604,77458604651162,100465116279,771,74.5,20.5,372727,106212116666,106.212116666
772,21:32:39.069,77559069767441,100465116279,772,75.5,19.5,354545,105909083333,105.909083333
773,21:34:19.534,77659534883720,100465116280,773,74.5,20.5,372727,106212116666,106.212116666
774,21:36:00.000,77760000000000,100465116279,774,72.5,22.5,409091,106818183333,106.818183333
775,21:37:40.465,77860465116279,100465116279,775,73.5,21.5,390909,106515150000,106.515150000
776,21:39:20.930,77960930232558,100465116279,776,71,24,436364,107272733333,107.272733333
777,21:41:01.395,78061395348837,100465116279,777,72.5,22.5,409091,106818183333,106.818183333
778,21:42:41.860,78161860465116,100465116279,778,71.5,23.5,427273,107121216666,107.121216666
779,21:44:22.325,78262325581395,100465116279,779,7E+1,25,454545,107575750000,107.575750000
780,21:46:02.790,78362790697674,100465116279,780,69,26,472727,107878783333,107.878783333
781,21:47:43.255,78463255813953,100465116279,781,69.5,25.5,463636,107727266666,107.727266666
782,21:49:23.720,78563720930232,100465116279,782,69.5,25.5,463636,107727266666,107.727266666
783,21:51:04.186,78664186046511,100465116279,783,68.5,26.5,481818,108030300000,108.030300000
784,21:52:44.651,78764651162790,100465116279,784,66.5,28.5,518182,108636366666,108.636366666
785,21:54:25.116,78865116279069,100465116279,785,67.5,27.5,500000,108333333333,108.333333333
786,21:56:05.581,78965581395348,100465116279,786,66.5,28.5,518182,108636366666,108.636366666
787,21:57:46.046,79066046511627,100465116279,787,65,3E+1,545455,109090916666,109.090916666
788,21:59:26.511,79166511627906,100465116280,788,65.5,29.5,536364,108939400000,108.939400000
789,22:01:06.976,79266976744186,100465116279,789,64.5,30.5,554545,109242416666,109.242416666
790,22:02:47.441,79367441860465,100465116279,790,64.5,30.5,554545,109242416666,109.242416666
791,22:04:27.906,79467906976744,100465116279,791,63.5,31.5,572727,109545450000,109.545450000
792,22:06:08.372,79568372093023,100465116279,792,63.5,31.5,572727,109545450000,109.545450000
793,22:07:48.837,79668837209302,100465116279,793,62.5,32.5,590909,109848483333,109.848483333
794,22:09:29.302,79769302325581,100465116279,794,63,32,581818,109696966666,109.696966666
795,22:11:09.767,79869767441860,100465116279,795,63.5,31.5,572727,109545450000,109.545450000
796,22:12:50.232,79970232558139,100465116279,796,64,31,563636,109393933333,109.393933333
797,22:14:30.697,80070697674418,100465116279,797,64,31,563636,109393933333,109.393933333
798,22:16:11.162,80171162790697,100465116279,798,64.5,30.5,554545,109242416666,109.242416666
799,22:17:51.627,80271627906976,100465116279,799,65,3E+1,545455,109090916666,109.090916666
800,22:19:32.093,80372093023255,100465116279,800,66,29,527273,108787883333,108.787883333
801,22:21:12.558,80472558139534,100465116279,801,65.5,29.5,536364,108939400000,108.939400000
802,22:22:53.023,80573023255813,100465116280,802,67,28,509091,108484850000,108.484850000
803,22:24:33.488,80673488372093,100465116279,803,66.5,28.5,518182,108636366666,108.636366666
804,22:26:13.953,80773953488372,100465116279,804,67.5,27.5,500000,108333333333,108.333333333
805,22:27:54.418,80874418604651,100465116279,805,67.5,27.5,500000,108333333333,108.333333333
806,22:29:34.883,80974883720930,100465116279,806,67,28,509091,108484850000,108.484850000
807,22:31:15.348,81075348837209,100465116279,807,67,28,509091,108484850000,108.484850000
808,22:32:55.813,81175813953488,100465116279,808,66.5,28.5,518182,108636366666,108.636366666
809,22:34:36.279,81276279069767,100465116279,809,66,29,527273,108787883333,108.787883333
810,22:36:16.744,81376744186046,100465116279,810,68,27,490909,108181816666,108.181816666
811,22:37:57.209,81477209302325,100465116279,811,65,3E+1,545455,109090916666,109.090916666
812,22:39:37.674,81577674418604,100465116279,812,64,31,563636,109393933333,109.393933333
813,22:41:18.139,81678139534883,100465116279,813,64,31,563636,109393933333,109.393933333
814,22:42:58.604,81778604651162,100465116279,814,63,32,581818,109696966666,109.696966666
815,22:44:39.069,81879069767441,100465116279,815,62.5,32.5,590909,109848483333,109.848483333
816,22:46:19.534,81979534883720,100465116280,816,63.5,31.5,572727,109545450000,109.545450000
817,22:48:00.000,82080000000000,100465116279,817,64,31,563636,109393933333,109.393933333
818,22:49:40.465,82180465116279,100465116279,818,62.5,32.5,590909,109848483333,109.848483333
819,22:51:20.930,82280930232558,100465116279,819,63,32,581818,109696966666,109.696966666
820,22:53:01.395,82381395348837,100465116279,820,63.5,31.5,572727,109545450000,109.545450000
821,22:54:41.860,82481860465116,100465116279,821,63,32,581818,109696966666,109.696966666
822,22:56:22.325,82582325581395,100465116279,822,64,31,563636,109393933333,109.393933333
823,22:58:02.790,82682790697674,100465116279,823,64.5,30.5,554545,109242416666,109.242416666
824,22:59:43.255,82783255813953,100465116279,824,65,3E+1,545455,109090916666,109.090916666
825,23:01:23.720,82883720930232,100465116279,825,66,29,527273,108787883333,108.787883333
826,23:03:04.186,82984186046511,100465116279,826,67,28,509091,108484850000,108.484850000
827,23:04:44.651,83084651162790,100465116279,827,67.5,27.5,500000,108333333333,108.333333333
828,23:06:25.116,83185116279069,100465116279,828,68,27,490909,108181816666,108.181816666
829,23:08:05.581,83285581395348,100465116279,829,69,26,472727,107878783333,107.878783333
830,23:09:46.046,83386046511627,100465116279,830,7E+1,25,454545,107575750000,107.575750000
831,23:11:26.511,83486511627906,100465116280,831,69.5,25.5,463636,107727266666,107.727266666
832,23:13:06.976,83586976744186,100465116279,832,69,26,472727,107878783333,107.878783333
833,23:14:47.441,83687441860465,100465116279,833,69,26,472727,107878783333,107.878783333
834,23:16:27.906,83787906976744,100465116279,834,70.5,24.5,445455,107424250000,107.424250000
835,23:18:08.372,83888372093023,100465116279,835,70.5,24.5,445455,107424250000,107.424250000
836,23:19:48.837,83988837209302,100465116279,836,69,26,472727,107878783333,107.878783333
837,23:21:29.302,84089302325581,100465116279,837,69.5,25.5,463636,107727266666,107.727266666
838,23:23:09.767,84189767441860,100465116279,838,69.5,25.5,463636,107727266666,107.727266666
839,23:24:50.232,84290232558139,100465116279,839,69.5,25.5,463636,107727266666,107.727266666
840,23:26:30.697,84390697674418,100465116279,840,68.5,26.5,481818,108030300000,108.030300000
841,23:28:11.162,84491162790697,100465116279,841,68.5,26.5,481818,108030300000,108.030300000
842,23:29:51.627,84591627906976,100465116279,842,68.5,26.5,481818,108030300000,108.030300000
843,23:31:32.093,84692093023255,100465116279,843,67,28,509091,108484850000,108.484850000
844,23:33:12.558,84792558139534,100465116279,844,69,26,472727,107878783333,107.878783333
845,23:34:53.023,84893023255813,100465116280,845,67.5,27.5,500000,108333333333,108.333333333
846,23:36:33.488,84993488372093,100465116279,846,67.5,27.5,500000,108333333333,108.333333333
847,23:38:13.953,85093953488372,100465116279,847,68,27,490909,108181816666,108.181816666
848,23:39:54.418,85194418604651,100465116279,848,68.5,26.5,481818,108030300000,108.030300000
849,23:41:34.883,85294883720930,100465116279,849,69,26,472727,107878783333,107.878783333
850,23:43:15.348,85395348837209,100465116279,850,68.5,26.5,481818,108030300000,108.030300000
851,23:44:55.813,85495813953488,100465116279,851,7E+1,25,454545,107575750000,107.575750000
852,23:46:36.279,85596279069767,100465116279,852,69.5,25.5,463636,107727266666,107.727266666
853,23:48:16.744,85696744186046,100465116279,853,71,24,436364,107272733333,107.272733333
854,23:49:57.209,85797209302325,100465116279,854,71,24,436364,107272733333,107.272733333
855,23:51:37.674,85897674418604,100465116279,855,74,21,381818,106363633333,106.363633333
856,23:53:18.139,85998139534883,100465116279,856,75,2E+1,363636,106060600000,106.060600000
857,23:54:58.604,86098604651162,100465116279,857,76,19,345455,105757583333,105.757583333
858,23:56:39.069,86199069767441,100465116279,858,78,17,309091,105151516666,105.151516666
859,23:58:19.534,86299534883720,100465116280,859,79,16,290909,104848483333,104.848483333
